t,523
co,483
http,469
ebola,393
u,249
a,206
i,192
the,169
rt,167
to,167
in,158
ukrain,110
of,104
d,100
iraq,92
for,85
and,84
f,84
on,77
c,73
you,60
it,59
de,58
e,58
new,58
my,53
that,51
with,51
no,48
xe,48
n,47
o,47
m,46
me,45
from,42
have,42
be,41
que,40
ar,38
at,36
thy,35
b,34
la,34
about,32
el,32
ha,32
s,32
amp,31
not,31
solar,31
via,31
v,30
get,29
y,28
so,27
state,27
say,26
what,26
go,25
paty,25
r,25
do,24
peopl,24
worldcup,24
we,23
your,23
all,22
climat,22
who,22
will,22
en,21
how,21
up,21
w,21
but,20
just,20
p,20
wa,20
dalla,19
he,19
russia,19
russian,19
world,19
case,18
del,18
more,18
now,18
or,18
out,18
usa,18
by,17
can,17
chang,17
dy,17
may,17
real,17
if,16
islamic,16
j,16
know,16
obama,16
over,16
q,16
there,16
they,16
viru,16
x,16
ya,16
don,15
energy,15
first,15
health,15
l,15
ne,15
nhttp,15
time,15
when,15
xf,15
al,14
an,14
crisy,14
die,14
got,14
lo,14
por,14
un,14
,13
brasil,13
come,13
forc,13
g,13
h,13
k,13
like,13
love,13
officy,13
only,13
para,13
pro,13
show,13
texa,13
day,12
kill,12
man,12
want,12
why,12
xa,12
after,11
against,11
american,11
bola,11
caso,11
eu,11
even,11
fight,11
fuck,11
green,11
hospit,11
hy,11
le,11
lt,11
saudy,11
se,11
shit,11
spread,11
syria,11
te,11
thought,11
america,10
been,10
home,10
isy,10
ksa,10
live,10
report,10
start,10
sy,10
too,10
yo,10
air,9
com,9
da,9
into,9
iraq_news,9
liberia,9
life,9
na,9
our,9
should,9
wind,9
year,9
africa,8
back,8
becau,8
call,8
care,8
christma,8
cnn,8
como,8
confirm,8
could,8
country,8
eastern,8
follow,8
had,8
infect,8
ma,8
move,8
never,8
ny,8
off,8
said,8
see,8
sery,8
sobr,8
someon,8
test,8
them,8
then,8
video,8
war,8
watch,8
better,7
check,7
er,7
everyon,7
fighter,7
free,7
govern,7
gt,7
haha,7
hope,7
iny,7
issu,7
job,7
outbreak,7
pa,7
party,7
person,7
play,7
power,7
presid,7
regist,7
support,7
troop,7
twitter,7
under,7
us,7
ve,7
very,7
vote,7
way,7
xc,7
airport,6
already,6
am,6
blame,6
break,6
cdc,6
city,6
con,6
dia,6
did,6
donetsk,6
down,6
east,6
end,6
est,6
europ,6
ever,6
face,6
funny,6
germany,6
god,6
gonna,6
happy,6
iran,6
jet,6
joke,6
let,6
look,6
make,6
many,6
military,6
must,6
nation,6
oh,6
order,6
plan,6
possibl,6
ready,6
respon,6
right,6
sa,6
scare,6
screen,6
send,6
smh,6
some,6
st,6
take,6
talk,6
tcot,6
team,6
thank,6
think,6
threat,6
today,6
todo,6
travel,6
try,6
tv,6
white,6
work,6
xeda,6
again,5
anty,5
ap,5
area,5
befor,5
border,5
contact,5
contract,5
damn,5
dead,5
diagno,5
esta,5
estado,5
fan,5
fear,5
find,5
fire,5
futur,5
game,5
guy,5
him,5
im,5
jew,5
keep,5
ll,5
lol,5
london,5
meet,5
minist,5
much,5
night,5
open,5
other,5
polit,5
posit,5
prime,5
read,5
receiv,5
sign,5
son,5
still,5
strike,5
su,5
suspect,5
suspeita,5
symptom,5
tell,5
terror,5
th,5
their,5
these,5
thing,5
three,5
top,5
two,5
uk,5
wait,5
warn,5
were,5
west,5
which,5
while,5
word,5
worry,5
would,5
xd,5
af,4
african,4
ain,4
airlin,4
akan,4
aku,4
arm,4
art,4
au,4
bank,4
base,4
bbc,4
bitch,4
black,4
bu,4
buy,4
canada,4
cau,4
cb,4
ce,4
chanc,4
clash,4
concern,4
cool,4
cut,4
dan,4
debat,4
deny,4
deploy,4
develop,4
discov,4
dont,4
em,4
enough,4
espa,4
esto,4
facebook,4
family,4
gameinsight,4
girl,4
given,4
gop,4
group,4
hahaha,4
half,4
happen,4
hary,4
hate,4
haven,4
here,4
indian,4
ipad,4
iraqy,4
kiev,4
kurdish,4
leader,4
lie,4
long,4
ly,4
milit,4
minut,4
mom,4
nebola,4
nigeria,4
nigga,4
noth,4
nur,4
outsid,4
pacy,4
pero,4
post,4
pq,4
problem,4
putin,4
re,4
relea,4
reuter,4
sanction,4
save,4
secur,4
someth,4
sourc,4
spend,4
stop,4
told,4
treat,4
turn,4
ty,4
ukrainian,4
um,4
unido,4
unite,4
update,4
va,4
vc,4
victim,4
well,4
wonder,4
worker,4
wtf,4
yet,4
york,4
z,4
action,3
actual,3
admit,3
africano,3
agr,3
aid,3
akhir,3
alan,3
aljazeera,3
altern,3
andrew,3
android,3
announc,3
ano,3
any,3
anyon,3
ao,3
apa,3
ass,3
attack,3
automat,3
away,3
baby,3
bc,3
beauty,3
belgium,3
biden,3
big,3
blood,3
bom,3
bore,3
boston,3
both,3
bring,3
britain,3
bro,3
brought,3
bueno,3
build,3
bush,3
ca,3
casa,3
catch,3
channel,3
chegou,3
confront,3
contra,3
control,3
cura,3
dah,3
date,3
deal,3
death,3
deputy,3
despit,3
diagnosy,3
direct,3
dr,3
due,3
duncan,3
epidem,3
eso,3
essa,3
every,3
everyth,3
ex,3
expo,3
fam,3
farmer,3
favorit,3
feel,3
fly,3
former,3
found,3
fox,3
frack,3
full,3
fund,3
ga,3
gain,3
gener,3
give,3
global,3
good,3
ground,3
grow,3
guard,3
hablando,3
hat,3
head,3
hear,3
help,3
high,3
hou,3
hour,3
humid,3
hun,3
ig,3
il,3
investig,3
ipadgam,3
isn,3
ka,3
kid,3
killer,3
km,3
kuwait,3
led,3
link,3
made,3
mark,3
maryamrajavy,3
mean,3
mega,3
men,3
meno,3
million,3
mind,3
mission,3
mo,3
mp,3
mt,3
music,3
name,3
nato,3
nbcnew,3
nd,3
old,3
om,3
palestin,3
pay,3
pc,3
peac,3
pentagon,3
pet,3
phone,3
photo,3
pl,3
polic,3
pray,3
press,3
primeiro,3
protect,3
protocol,3
protocolo,3
public,3
put,3
qu,3
quanto,3
question,3
rd,3
reason,3
recent,3
red,3
remain,3
rememb,3
replacemovietitlewithebola,3
ribu,3
rise,3
same,3
school,3
sea,3
second,3
seem,3
seguridad,3
sent,3
ser,3
she,3
sick,3
singl,3
situat,3
socy,3
soldy,3
space,3
spanish,3
speak,3
speaker,3
story,3
stretch,3
struggl,3
stuff,3
surpry,3
teacher,3
teaparty,3
temperatur,3
than,3
thin,3
threaten,3
tomorrow,3
total,3
touch,3
tt,3
tu,3
turkey,3
tx,3
uf,3
una,3
usatoday,3
vaccin,3
verdad,3
violat,3
virgo,3
voic,3
vor,3
websit,3
week,3
where,3
win,3
withdraw,3
xb,3
xed,3
yahoonew,3
youtub,3
acabey,2
accord,2
act,2
ada,2
adalah,2
agreement,2
agua,2
ahora,2
aja,2
album,2
allah,2
allergy,2
allow,2
alto,2
amazon,2
ambassador,2
amo,2
amor,2
amount,2
anaconda,2
analyz,2
ancient,2
andriy,2
another,2
answer,2
app,2
appar,2
apply,2
approv,2
apr,2
aquy,2
arbil,2
aren,2
army,2
around,2
arriv,2
artist,2
ask,2
assyrian,2
aussy,2
awesom,2
ay,2
az,2
bagdad,2
barba,2
baru,2
bbmchannel,2
bd,2
bear,2
becom,2
begin,2
behead,2
belum,2
best,2
between,2
billion,2
birthday,2
blog,2
bo,2
bomb,2
bought,2
boy,2
br,2
breach,2
brilly,2
broke,2
brother,2
bry,2
buena,2
businessweek,2
bv,2
cancel,2
catalunya,2
caught,2
cauty,2
cdcgov,2
celebr,2
centr,2
central,2
cett,2
chair,2
charg,2
charger,2
chill,2
civil,2
cloudy,2
cn,2
coin,2
collect,2
colleg,2
commit,2
company,2
conclud,2
condom,2
confer,2
confirmado,2
conflict,2
congress,2
consid,2
conspiracy,2
contagiada,2
contagio,2
contraiu,2
cosa,2
cough,2
cp,2
cr,2
crack,2
cry,2
cuba,2
cuf,2
cup,2
cute,2
cy,2
dalam,2
daniel,2
dc,2
debe,2
debola,2
dem,2
demandforact,2
den,2
depart,2
der,2
destroy,2
deu,2
dio,2
disea,2
dog,2
donba,2
dond,2
done,2
dress,2
drive,2
drug,2
dude,2
dumb,2
dunia,2
dure,2
earth,2
easter,2
easy,2
eat,2
eclip,2
econom,2
effect,2
emergencia,2
employ,2
encount,2
enjoy,2
entiend,2
environ,2
era,2
esp,2
estamo,2
estan,2
estou,2
et,2
ev,2
evaluat,2
examin,2
explain,2
fail,2
failur,2
fall,2
fanboy,2
fancy,2
far,2
fashion,2
faut,2
fed,2
feder,2
fever,2
final,2
finger,2
finish,2
focu,2
folk,2
food,2
franc,2
freedom,2
fresh,2
friday,2
fuckin,2
gap,2
gay,2
gd,2
gent,2
geo,2
gingrich,2
globe,2
gobierno,2
gold,2
googl,2
gotten,2
govt,2
gp,2
gracia,2
grandma,2
great,2
grip,2
guardian,2
gy,2
hace,2
haga,2
hahahaha,2
hay,2
hehe,2
held,2
hey,2
hijo,2
history,2
hit,2
hiv,2
hold,2
homem,2
homy,2
hot,2
hoy,2
hq,2
hunt,2
ia,2
ic,2
idea,2
ignor,2
ih,2
ill,2
illeg,2
imag,2
impo,2
inch,2
increa,2
independ,2
inity,2
intellig,2
intervent,2
iphon,2
iphone,2
islam,2
islamist,2
island,2
israel,2
itu,2
jajaja,2
jajajajaj,2
jajajajaja,2
jay,2
jfk,2
jihadist,2
jornal,2
journal,2
justin,2
ke,2
key,2
khou,2
kiss,2
kobany,2
kong,2
korban,2
kremlin,2
krise,2
ky,2
lack,2
lado,2
lagy,2
landmark,2
laugh,2
launch,2
learn,2
leav,2
letter,2
levado,2
lib,2
liberian,2
light,2
lik,2
littl,2
llego,2
lost,2
lot,2
lviv,2
mad,2
madrid,2
magic,2
makasih,2
malady,2
manag,2
map,2
marcaespana,2
market,2
mary,2
master,2
medic,2
medo,2
member,2
mention,2
messag,2
meu,2
miedo,2
might,2
mira,2
misstep,2
momento,2
money,2
month,2
morn,2
morrendo,2
moscow,2
mr,2
musica,2
nada,2
nasa,2
neighbor,2
neocon,2
new_jersey,2
new_mexico,2
nice,2
noch,2
nomin,2
none,2
noticia,2
np,2
nuevo,2
number,2
nytim,2
obviou,2
oct,2
od,2
offer,2
office,2
oil,2
okay,2
ol,2
omg,2
oper,2
orang,2
ostukrain,2
outlin,2
page,2
pain,2
panel,2
parent,2
pary,2
pasien,2
passeng,2
passion,2
pegar,2
penyebaran,2
per,2
perry,2
personn,2
philly,2
photography,2
photoset,2
piada,2
pienso,2
plane,2
platinum,2
plea,2
popul,2
port,2
potenty,2
pour,2
prepar,2
preparado,2
priority,2
process,2
profil,2
promot,2
prosecut,2
protest,2
push,2
putain,2
quarantin,2
quero,2
quick,2
quot,2
race,2
raf,2
rally,2
ray,2
reach,2
rebel,2
record,2
remind,2
renew,2
resign,2
resist,2
ria,2
risco,2
risk,2
river,2
rn,2
robot,2
rp,2
rude,2
ruiz,2
rule,2
russland,2
sabe,2
safe,2
saia,2
sale,2
scienc,2
scientist,2
scrambl,2
scream,2
season,2
seek,2
seguir,2
semit,2
separatist,2
set,2
seven,2
sever,2
share,2
shot,2
sim,2
sister,2
site,2
skate,2
sloviansk,2
sm,2
soccer,2
soon,2
soy,2
spain,2
spirit,2
squar,2
stand,2
standoff,2
star,2
stay,2
stock,2
street,2
strong,2
sue,2
suicid,2
sun,2
sunday,2
sunny,2
sur,2
sure,2
suspeito,2
system,2
ta,2
tahun,2
tak,2
target,2
telegraph,2
tem,2
templ,2
teresa,2
terrorist,2
though,2
thousand,2
through,2
tidak,2
tien,2
tire,2
tm,2
tn,2
togeth,2
ton,2
tonto,2
tornado,2
trend,2
troy,2
tru,2
tryna,2
tuesday,2
tweet,2
uae,2
unico,2
unit,2
unless,2
uno,2
uranium,2
vecino,2
veo,2
ver,2
viajou,2
visit,2
voter,2
vou,2
vp,2
walk,2
wanna,2
warm,2
washington,2
wasn,2
weapon,2
wear,2
went,2
whatev,2
wife,2
won,2
worth,2
wow,2
ww,2
xddd,2
xeancia,2
xedru,2
yad,2
yall,2
yang,2
yesterday,2
yz,2
zomby,2
a_matsumoto,1
aaahhh,1
aann,1
ab,1
abandon,1
abassador,1
abba,1
abcnew,1
abduct,1
abortion,1
abpcmzfu,1
absoluta,1
abubakrpro,1
abund,1
accept,1
account,1
accu,1
accuracy,1
accuse,1
aceptarla,1
achmetov,1
acho,1
acionada,1
activa,1
active,1
actonclima,1
acuerdo,1
adapt,1
add,1
address,1
adelant,1
adentro,1
adhaelfindra,1
adityarajkaul,1
administr,1
adpm,1
adviser,1
advy,1
aenaajh,1
aesrw,1
aex,1
afeta,1
afifahhsnl,1
afrika,1
afriqu,1
afrkdg,1
afternoon,1
afw_mbay,1
agarra,1
agent,1
aggress,1
ago,1
agustin,1
ah,1
ahaaha,1
ahahahahaha,1
ahead,1
ahh,1
ahtijaj,1
aint,1
airborn,1
aircraft,1
airspac,1
aizjvcdqsv,1
aj,1
ajamm,1
ajapiquian,1
ako,1
aky,1
ala,1
alam,1
alarabiya_eng,1
alay,1
alcorcon,1
aldia,1
alejandrocorzo,1
alex,1
alexadeang,1
alexmary,1
alexx_saucedo,1
alfredito_antuz,1
alg,1
algemeen,1
algo,1
algorithm,1
alguem,1
algvsru,1
alice,1
alien,1
alihusseinelhel,1
aliqaradaghy,1
aliv,1
alive,1
alkohol,1
allarm,1
allem,1
alli_gator,1
allthatmatt,1
almightyjosh,1
almonacid,1
alon,1
aloraiby,1
alright,1
alriiiiiiiiiight,1
also,1
altenergystock,1
alternativenew,1
altr,1
alvinbdb,1
amaz,1
amb,1
ambaixador,1
ambul,1
ameha,1
americano,1
amigo,1
amn,1
among,1
anak,1
anaknya,1
analy,1
analysy,1
anamatodimy,1
anda,1
andhika_wicak,1
andrewilho,1
androidgam,1
angaben,1
angelalr,1
angelatravel,1
angelicabordo,1
anim,1
animago,1
anique_mackey,1
anjlok,1
anjloknya,1
annoy,1
annual,1
anong,1
anoth,1
ant,1
anti_pkk,1
antikavenu,1
antirussisch,1
antonsola,1
antony,1
anunciam,1
anxiety,1
anymor,1
anyth,1
apaan,1
apareciendo,1
apartheepan,1
apavorada,1
apik,1
aportug,1
appl,1
applic,1
appoint,1
apprend,1
aquel,1
aquest,1
arabia,1
arabiya,1
arch,1
ard,1
ardendo,1
arez,1
argentina,1
arisl,1
artemishowl,1
articl,1
arwy,1
asa,1
asandsaforev,1
asesino,1
ashtonsdavy,1
ashyusof,1
asia,1
askmaddijanemu,1
aslinya,1
asqueroso,1
assault,1
assert,1
assist,1
assistanc,1
assistindo,1
associat,1
assuranc,1
astrophotograph,1
asuka_waifu,1
asy,1
asyybil,1
atdbcaj,1
ateo,1
athleteschar,1
atikacnn,1
atla,1
atlantic,1
atmospher,1
attempt,1
attn,1
auf,1
augment,1
august,1
aun,1
aura,1
auspol,1
austerity,1
australia,1
australian,1
autentiico,1
author,1
autora,1
aux,1
auxiliar,1
avec,1
avhychdz,1
avy,1
awaken,1
awj,1
awkward,1
awydm,1
ax,1
axj,1
axvay,1
ayh,1
aynrandy,1
ayoo_fettii,1
azteccccccc,1
azul,1
ba,1
babyboywaddup,1
bacal,1
bacanya,1
backstrok,1
bad,1
badan,1
badman,1
badspeeddatingopen,1
bae,1
bah,1
bahama,1
bahrain,1
baik,1
bailey,1
baixo,1
bakalan,1
bamba,1
bang,1
banget,1
banyo,1
bara,1
barata,1
barbarakub,1
baron,1
baronvongrumbl,1
barricad,1
barrucho,1
basedmarco,1
basf,1
basic,1
bastard,1
battl,1
batu,1
baty,1
bavan,1
bb,1
bblj,1
bcm,1
bco,1
bdtarstinh,1
bea,1
beach,1
beantown_hero,1
beat,1
beaten,1
becam,1
beckham,1
bedfellow,1
bego,1
begonnen,1
behandlung,1
bein,1
bel,1
belcab,1
belieb,1
bell,1
beltway,1
bely,1
bem,1
benghazy,1
bengtsson,1
berat,1
berbagay,1
berbariyat,1
bercy,1
berdiry,1
bereitet,1
berenty,1
bergerak,1
bericht,1
berlakukan,1
berpeluang,1
bersyukur,1
berusaha,1
besttextmsg,1
bet,1
beth,1
bettycjung,1
bf,1
bg,1
bgaiyenpa,1
bgcx,1
bgt,1
bgtnf,1
bhavikp,1
bhz,1
biackpadfoot,1
biasa,1
bidenth,1
bien,1
bienk,1
biggest,1
bigot,1
bike,1
bila,1
bildt,1
bill,1
biologo,1
bird,1
birdcardigan,1
birdgang,1
birra,1
bisa,1
bit,1
bitcoin,1
bjwgn,1
bjzgg,1
bk,1
bkswzmwr,1
bkyplmf,1
blabbott,1
blacklist,1
blackwat,1
blauhelm,1
blindado,1
blo,1
blond,1
bloodraw_sd,1
bloomberg,1
bloombergnew,1
blossom,1
blueprint,1
bluetooth,1
blunt,1
blut,1
bmokpxqip,1
bn,1
boa,1
boarder,1
bobbl,1
bodily,1
body,1
bombardiamo,1
bombeiro,1
bompeng,1
bonn,1
bonu,1
boost,1
booster,1
boot,1
bord,1
borra,1
bortsett,1
bosta,1
botsolid,1
bottom,1
bouch,1
bounc,1
bout,1
bouta,1
boyfriend,1
bpafzva,1
bqngecmyno,1
braianmc,1
brand,1
brandon_purple,1
brat,1
brazo,1
brb,1
breakfast,1
breakingnew,1
brendon,1
brennan,1
brianchick,1
brianggallagh,1
bric,1
bride,1
bridesru,1
brief,1
brigad,1
brigada,1
brillianc,1
brittanylamp,1
brmbhoughy,1
broad,1
broader,1
broken,1
broom,1
bruler,1
bsf,1
bsktw,1
bsnxko,1
btv,1
buat,1
bucharest,1
buddy,1
budget,1
bue,1
built,1
bukan,1
bukm,1
buku,1
buleleng,1
bull,1
bullet,1
bulllllll,1
bullshit,1
bum,1
bummer,1
bundesau,1
bunuh,1
buqfmbuhaa,1
buren,1
burks_gpf,1
burn,1
buruk,1
bustleman,1
buuuuut,1
buzz,1
bvdo,1
bw,1
bwgotheem,1
bwnx,1
bxcy,1
bxgecfk,1
bxp,1
bye,1
bylkuu,1
bypy,1
bz,1
caa,1
caabu,1
cabin,1
cada,1
cadlath,1
cady,1
cae,1
cah,1
caiopintu,1
cal,1
calbot,1
california,1
callin,1
calm,1
calum,1
cambian,1
came,1
camer,1
camila_rivas_i,1
campaign,1
canaltr,1
candelopez,1
candid,1
candida,1
cannot,1
cantando,1
cap,1
capabl,1
capeamischool,1
captur,1
car,1
cara,1
card,1
caretakerhoezay,1
caribbean,1
carl,1
carlyxgallagh,1
carney,1
carolin,1
carolynlekousy,1
cart,1
casablanca,1
casal,1
cascavel,1
casoa,1
cassfac,1
castellano,1
casualty,1
causewereguy,1
caution,1
cay,1
cazel,1
cby,1
ccot,1
cdcchat,1
cdvnx,1
ceasefir,1
cee,1
celalu,1
celia,1
cell,1
celular,1
center,1
ceo,1
cepend,1
cerfqtdv,1
cergy,1
cevsb,1
cewek,1
cf,1
cfev,1
cfish,1
cfjutuyjfh,1
cfqgkmk,1
cg,1
cgcz,1
cgyvxwgd,1
chainz,1
chala,1
chamar,1
chao,1
charity,1
chechen,1
checkpoint,1
cheetahazmah,1
chef,1
chegando,1
chegaram,1
chegass,1
chekia,1
chem,1
cheney,1
chernobyl,1
cheyennefranco,1
chicago,1
chicken,1
chien,1
children,1
chile,1
chillin,1
chilltweetss,1
china,1
chine,1
chinen,1
chist,1
choic,1
choo,1
chose,1
chosen,1
chrislhay,1
chrisma,1
christ,1
christian,1
christiandeluc,1
chry,1
chucknelly,1
chuf,1
chulo,1
chune,1
chuparmela,1
chupy,1
cia,1
cinco,1
ciq,1
cite,1
citru,1
cj,1
cjky,1
cjrphir,1
ckcipqvy,1
claim,1
clan,1
clase,1
class,1
cleaner,1
clear,1
cleat,1
cleric,1
climatechang,1
cliniqu,1
clip,1
close,1
closeisisterroraccount,1
closer,1
cloth,1
cloud,1
clue,1
cm,1
cmcmrrgbgz,1
cmonman,1
cmqk,1
cmw_wilne,1
cobt,1
cocaaaaa,1
cocktail,1
cocktailsmolotov,1
cocok,1
coe,1
coisa,1
coketa,1
cole,1
collid,1
colony,1
color,1
columbusday,1
combatir,1
combo,1
comedy,1
comet,1
comm,1
command,1
committ,1
compar,1
complex,1
comprar,1
comprenderla,1
concentracy,1
condit,1
conduct,1
conferen,1
confian,1
confirmando,1
confisc,1
conflit,1
congr,1
congrat,1
connecticut,1
conqu,1
consejero,1
consejo,1
conserv,1
consist,1
conspiracystory,1
constitut,1
consult,1
consum,1
contacto,1
contagia,1
contagion,1
contagy,1
contain,1
contamin,1
contin,1
contr,1
contrair,1
controla,1
controlado,1
cooker,1
cooky,1
corp,1
corporal,1
correo,1
corrupt,1
cost,1
council,1
councilman,1
county,1
cour,1
court,1
coy,1
cq,1
crave,1
cravingpositivenew,1
cream,1
creat,1
creer,1
crian,1
crime,1
crimea,1
critic,1
crop,1
cross,1
crunch,1
crusad,1
crystalgbedu,1
cspanwj,1
cth,1
cthoma,1
ctsbeeda,1
cturn,1
ctv,1
ctysruk,1
cuando,1
cub,1
cucy,1
cue,1
cuestan,1
cuestion,1
cuh,1
culero,1
culpa,1
cumannanya,1
cuqhtxk,1
curb,1
cure,1
current,1
curtislepor,1
curv,1
custou,1
cuxfpvsru,1
cuz,1
cvaf,1
cvcy,1
cvnc,1
cvuuogdsu,1
cw,1
cwa,1
cx,1
cxeqmprk,1
cz,1
czemu,1
czjzo,1
czy,1
dad,1
dadeboy,1
daf,1
daftlimmy,1
daily,1
daily_polit,1
dailyko,1
daizu,1
dakotamapl,1
damnn,1
danger,1
danieldombey,1
danielpip,1
dao,1
dao_senpai,1
dapat,1
daquy,1
dar,1
darah,1
darlington,1
dart,1
dary,1
dateng,1
david,1
david_cameron,1
davidlimbaugh,1
dawg,1
dd,1
ddw,1
deadly,1
deaninoviza,1
dear,1
decian,1
decid,1
decis,1
declar,1
decod,1
decor,1
dedic,1
deeply,1
deeyeahna,1
defeat,1
defend,1
defens,1
definit,1
degr,1
dehshatgardy,1
dehshtgardon,1
dein,1
dek,1
dekat,1
delet,1
deliv,1
della,1
demasiado,1
demimyheroxo,1
democratica,1
demokratiet,1
demonicazn,1
demprimary,1
dengan,1
denmark,1
denverpost,1
depend,1
depress,1
dept,1
derny,1
derribado,1
desaladora,1
desc,1
descartar,1
desd,1
desembarca,1
design,1
desmaiada,1
desmondhit,1
despu,1
destiladora,1
detail,1
detroit,1
deutsch,1
deutschlandsteinmey,1
deux,1
deuxy,1
dev,1
dg,1
dgissery,1
dhani_zv,1
dhany,1
dhedykurniawan,1
dhh,1
dhq,1
dhrxsol,1
diario,1
diariodeabord,1
diarrhea,1
dibuy,1
dica,1
dice,1
dick,1
didn,1
dig,1
digo,1
diime_daniiel,1
dikabarkan,1
dilanda,1
dilemma,1
dim,1
din,1
dinero,1
diplomat,1
director,1
diry,1
disarm,1
disarray,1
discuss,1
disfrutala,1
dislik,1
disper,1
disrespect,1
disrupt,1
distribut,1
diu,1
diver,1
divid,1
diz,1
dizendo,1
dizer,1
djoebaru,1
djromanroxford,1
djrothkopf,1
dked,1
dkw,1
dlepeska,1
dloy,1
dm,1
dml,1
dmor,1
dnuqeqwy,1
doc,1
doctor,1
doctrin,1
docu,1
doe,1
doesn,1
dogecoin,1
doh,1
doin,1
dolan,1
dolar,1
domingodeganarseguidor,1
domortiz,1
donat,1
donbass,1
doncapriccioso,1
dondateador,1
donna,1
doomsday,1
door,1
doppelstrategy,1
dorito,1
dort,1
doubt,1
doug,1
dough,1
download,1
dpf,1
dpn,1
dqsksovcun,1
drapeau,1
dreadbwoy,1
dreamhack,1
drfriedencdc,1
drinkmesyk,1
drizzl,1
drmb,1
drogata,1
drone,1
drop,1
drought,1
drunk,1
dsgy,1
dso,1
dswm,1
dsz,1
dtn,1
dua,1
duda,1
dudita,1
duke,1
dun,1
duncanhar,1
duny,1
durmcz,1
dva,1
dwayn,1
dwpsfkvxb,1
dwtejtxgob,1
dx,1
dxfz,1
dyassany,1
dymx,1
dyou,1
dypmbfvz,1
dyqhfx,1
dyqu,1
dyr,1
dzfnqvbg,1
dzmm,1
ea,1
eaaaa,1
eager,1
early,1
eaten,1
eatin,1
eboladalla,1
ebolanew,1
ebolausa,1
ebq,1
ec,1
ecalp,1
ecdc_outbreaks,1
ecoexpert,1
edg,1
eeh,1
eel,1
effort,1
eg,1
egdedcgazy,1
egocentr,1
egypt,1
eh,1
ehf,1
ehofgmro,1
ein,1
eitaaa,1
ejayr,1
ejobtaj,1
ejwesjwuml,1
ek,1
eksperimen,1
ekspor,1
elbowfu,1
election,1
electric,1
elguasoncriollo,1
eliminat,1
ell,1
elluminatiiiy,1
elocio,1
elqcc,1
elwa,1
emabiggestfansjustinbieb,1
embarrass,1
embassy,1
emerg,1
emilykreinbr,1
emorata,1
ena,1
encroach,1
endang,1
eneng,1
enfermera,1
enforcement,1
enfrenta,1
enga,1
english,1
enkr,1
enmanuel,1
enoje,1
enorm,1
enquanto,1
enrich,1
ens,1
ensur,1
enter,1
entidad,1
entiendo,1
entir,1
entonc,1
entr,1
entrevista,1
entry,1
env,1
eny,1
eo,1
eov,1
epicent,1
epidemia,1
epidemy,1
episod,1
eqc,1
eran,1
erekat,1
eric,1
ericshawnonfox,1
erpaou,1
erqxj,1
errado,1
erw,1
es,1
esa,1
escalat,1
escrib,1
escucha,1
espagnol,1
espalh,1
especulam,1
esper,1
esqu,1
estabilidad,1
estar,1
esth,1
estoy,1
estudiaran,1
estudo,1
estuvieron,1
etat,1
ethnic,1
eua,1
euatun,1
eucweogl,1
euka,1
euromaidan,1
euromaidanpress,1
euronew,1
europa,1
euthan,1
euthanasy,1
euxbm,1
evacuado,1
evalovemus,1
evalu,1
everybody,1
everythng,1
evidenc,1
evitado,1
evitar,1
evlnzatgpt,1
evok,1
ewilosqwuk,1
ewn,1
exam,1
excalibur,1
excel,1
except,1
excessiv,1
exclusiv,1
exercy,1
exfkducky,1
exggvmn,1
exhibit,1
exhibit_mcr,1
exist,1
exo,1
exoxosh,1
expand,1
expect,1
expir,1
explica,1
explo,1
exponerlo,1
export,1
expose,1
exu,1
exzz,1
eya,1
eybjez,1
eyqjhex,1
ez,1
ezjhhwueu,1
ezucst,1
ezuiey,1
fabricar,1
fabul,1
facil,1
fact,1
fade,1
fafsmgmwio,1
fag,1
fagoch,1
fair,1
fairy,1
fait,1
fakbbtdgzc,1
fake,1
faketitojohnson,1
fal,1
falam,1
fallujah,1
falo,1
falta,1
familia,1
famou,1
fanm,1
faraadilla,1
fascinatingp,1
fascist,1
fast,1
faster,1
fatal,1
fave,1
favor,1
favour,1
faz,1
fchjiubdpf,1
fda,1
fdfhocoarj,1
fe,1
fearmong,1
feast,1
february,1
felip,1
felipeneto,1
feliz,1
fellow,1
femiolulana,1
ferait,1
feront,1
fervor,1
fess,1
fetu,1
ff,1
fg,1
field,1
fierc,1
fijo,1
file,1
filoviru,1
financ,1
fine,1
firm,1
fish,1
fit,1
fivethirtyeight,1
fix,1
fkgvk,1
fkvgb,1
flakitah,1
flash,1
flight,1
fliper,1
flksrbfhy,1
fllusldto,1
float,1
flood,1
floracraft,1
florida,1
flow,1
flu,1
fluid,1
fluido,1
fm,1
fmjbrgvflp,1
fn,1
fnatic,1
fnd,1
fnkgxsgq,1
fno,1
foam,1
foda,1
foh,1
foot,1
footbal,1
foothold,1
forag,1
forcibl,1
forecastfact,1
foregin,1
forehead,1
foreign,1
forest,1
forget,1
forgot,1
form,1
forma,1
format,1
fort,1
forumon,1
forward,1
foto,1
fourny,1
fourth,1
foxnew,1
foy,1
fqxydxwavw,1
fr,1
fra,1
frail,1
fram,1
franceschinipr,1
francy,1
frank,1
fraud,1
frayeur,1
freak,1
frederickon,1
freedomreligion,1
freetown,1
frent,1
fresca,1
frica,1
fricken,1
friedman,1
friend,1
frisco,1
frjxtro,1
frl,1
fromharvardbusy,1
front,1
frontera,1
frown,1
frustasy,1
fry,1
fsu,1
fthy,1
fuckutavon,1
fudeu,1
fuel,1
fugit,1
fullaondosergio,1
fun,1
funciona,1
furnitur,1
futbol,1
futurama,1
fvkqout,1
fwu,1
fwuogqztyh,1
fx,1
fxieeec,1
fxlr,1
fxoylptnsm,1
fy,1
fztik,1
gagq,1
galaxy,1
gallagh,1
gambit,1
gane,1
gang,1
ganhar,1
gara,1
garca,1
garden,1
gardenvib,1
garyshort,1
gaslieferungen,1
gaston,1
gate,1
gau,1
gaug,1
gave,1
gazaunderattack,1
gdheg,1
gdkswift,1
gear,1
gebiet,1
geez,1
gehringtaylor,1
geller,1
gely,1
gen,1
generan,1
generat,1
genesenen,1
genesiselab,1
geneva,1
genom,1
genr,1
geoffypjohnston,1
geography,1
georg,1
geotherm,1
gepw,1
germ,1
gestoppt,1
gesty,1
getemhigh,1
gettyimag,1
gfb,1
gghr,1
ggjbpigt,1
ggz,1
ghalat,1
ghanafaofficy,1
ghepfebagv,1
ghostrickshot,1
gif,1
gift,1
gijerom,1
gimana,1
gin,1
ginger_gypsy,1
gistreel,1
gitygy,1
giup,1
giveaway,1
givet,1
gjg,1
gjumoa,1
glad,1
gldl,1
glich,1
gllowslovato,1
glnc,1
globalhea,1
globo,1
glove,1
gmn,1
gmttqz,1
goal,1
goddess,1
goe,1
gon,1
gone,1
gore,1
gotta,1
gov,1
goy,1
gpiytbq,1
gplay,1
gqogo,1
gr,1
grab,1
graceneverf,1
gradu,1
graeberwashington,1
gran,1
grand,1
grandfinaltopchefid,1
granttrainingdc,1
gratin,1
graty,1
grayson,1
grill,1
grje,1
growth,1
grrytwdfkr,1
grtvnew,1
gsdb,1
gta,1
gtzacia,1
guarant,1
gudluck,1
gue,1
gued,1
guess,1
guid,1
guin,1
guinea,1
gul,1
gulf,1
gun,1
gunakan,1
gusta,1
gute,1
gwppdptc,1
gx,1
gxcm,1
gxeoorgurg,1
gxtpk,1
gxv,1
haber,1
habito,1
habla,1
haby,1
hacen,1
hacozel,1
hagu,1
hagut,1
hahahahaha,1
haitianhero,1
haitien,1
hambreeee,1
hamper,1
han,1
handofhop,1
hanggang,1
hanya,1
har,1
hard,1
harrisonbrown,1
harry_styl,1
harrysfuck,1
hasn,1
haty,1
hautecompass,1
hawk,1
haya,1
haydnmcfc,1
hayoooo,1
hazard,1
hbd,1
hbuxqnb,1
hdpr,1
headach,1
header,1
healthcar,1
heard,1
heart,1
heartbreak,1
heartless,1
heaven,1
heavily,1
hecho,1
heeeeeehhhh,1
heeft,1
hefty,1
heh,1
heheh,1
hellapoondo,1
hemorrhag,1
hentikan,1
hepat,1
her,1
herjysimilien,1
hermosa,1
hernandez,1
heron,1
het,1
hetadjn,1
hg,1
hgwhnssoqt,1
hh,1
hhhhj,1
highlightsbil,1
highlightsfda,1
himayat,1
hin,1
hindu,1
hindurussia,1
hindustan,1
hindy,1
hipon,1
hiraukan,1
histoir,1
historia,1
hitmark,1
hitselenaslight,1
hlu,1
hm,1
hmu,1
ho,1
hochgef,1
hochuky,1
hoje,1
hojflg,1
holdin,1
holiday,1
hollieweav,1
homemad,1
homm,1
hon,1
honest,1
honeybunzz,1
honk,1
honolulu,1
hoodieallen,1
hooker,1
hoongitoo,1
hoppk,1
horlivka,1
horno,1
horribl,1
horu,1
hoshiyar,1
hoss,1
host,1
hous,1
houston,1
howard,1
hrca,1
hrd,1
hrlich,1
ht,1
htt,1
hu,1
huahah,1
huerto,1
huffingtonpost,1
hug,1
huge,1
huh,1
human,1
hundr,1
hurt,1
hussein,1
hvac,1
hvachack,1
hvmazubx,1
hvpfcy,1
hvshuuoku,1
hxsnohf,1
hyeiq,1
hylo,1
hysteria,1
i_fail,1
iambritneyjean,1
ibaj,1
ibieberthought,1
ibu,1
ibuprofen,1
ich,1
icm,1
ideal,1
idfkmariana,1
idk,1
idv,1
ignatiu,1
igorr_diego,1
igrzcr,1
igtmmsolq,1
igual,1
ihdnqvhctp,1
ihh,1
ihn,1
ihrvsg,1
iirudbx,1
ikdidapq,1
ilkyy,1
illinoy,1
ilno,1
imaginando,1
imma,1
imohq,1
impact,1
impactant,1
implicat,1
importar,1
impotenc,1
impress,1
improv,1
incindia,1
includ,1
inde,1
indicou,1
indict,1
indiniapoly,1
indireta,1
indon,1
indonesy,1
industry,1
indythe_indian,1
inesgisella,1
inevit,1
inf,1
infectada,1
infectado,1
infection,1
infest,1
infight,1
infiltr,1
info,1
infolengkap,1
inform,1
informou,1
infrastructur,1
inhofe,1
inhofepress,1
initiat,1
innecesario,1
innoc,1
innoo,1
insider,1
institut,1
insuit,1
integr,1
intel,1
intent,1
interesado,1
interest,1
interim,1
interior,1
interna,1
internada,1
internat,1
internetaktivisten,1
intimid,1
intra,1
inundacion,1
inva,1
invad,1
invent,1
invest,1
investiga,1
ionizer,1
iqqyko,1
iquotecomedy,1
irak,1
iranian,1
irf,1
irgc,1
irish,1
irrb,1
irrelev,1
irrita,1
irssnew,1
isabelpantoja,1
ischumy,1
isil,1
islamiana,1
isma_lobios,1
isol,1
iss,1
isseninnn,1
isso,1
italy,1
itsyavirusebola,1
ituiitero,1
iungalan,1
ivvangonzaalez,1
ixq,1
ixy,1
iya,1
iyo,1
iyt,1
iytuywulrk,1
iziy,1
j_pavlenko,1
jack,1
jada,1
jaja,1
jajaj,1
jajajaja,1
jajajajajaja,1
jajajajajjaaja,1
jalan,1
jalanin,1
jam,1
jamelblmn,1
jamelespin,1
james_yammouni,1
jamesinpary,1
jamiedupr,1
jamieroetz,1
jane,1
janeiro,1
jangan,1
jangn,1
jaraparilla,1
jary,1
jasonleopold,1
jatuhkanmu,1
jauh,1
jazeera,1
jazmingeist,1
jazzfestival,1
jb,1
jbarrenengoa,1
jbm,1
jca,1
jcmjna,1
jd,1
jdhenao,1
je,1
jean,1
jedeaddyt,1
jeffsett,1
jehad,1
jelang,1
jeq,1
jessnic_xo,1
jesu,1
jeuu,1
jewish,1
jfb,1
jfnsnxpizy,1
jg,1
jgoomxeqjy,1
jh,1
jihad,1
jimmyjeanlouy,1
jimnorton,1
jiv,1
jiwa,1
jjauthor,1
jjpm,1
jjulltfc,1
jlvcl,1
jnc,1
jngan,1
joda,1
joder,1
joe,1
joethepatriot,1
jogar,1
johakatona,1
john,1
johnny_fry,1
johnson,1
join,1
jokfmjfyfy,1
jomar,1
joqsj,1
josedaviid,1
joseromeroy,1
joshuabrooksmcr,1
jpitamu,1
jpy,1
jpykhdb,1
jqjd,1
jrvotaow,1
jrvyofnlt,1
ju,1
judgecart,1
jugar,1
juillet,1
julesstorr,1
juliana,1
jumlah,1
june,1
juniorg,1
justinbieb,1
justsay,1
jv,1
jwxy,1
jxu,1
jy,1
jyonbn,1
jyp,1
jywa,1
jza,1
kabar,1
kaiburcomb,1
kakpop,1
kalah,1
kalo,1
kampany,1
kampen,1
kan,1
kareman,1
karena,1
karlzavy,1
kasper,1
kasu,1
kat,1
katrinan,1
katy,1
kau,1
kayaknya,1
kayamerajalela,1
kayhagan,1
kbjyr,1
kdel,1
kdnezel,1
kebb,1
kebun,1
keeeder,1
kein,1
keito,1
kekurangan,1
kelar,1
kell__kt,1
kelvinfresh,1
kemuliaan,1
kenapa,1
ker,1
kerjakk,1
kerri_lauren,1
kesehatan,1
ketika,1
keuntungan,1
kfc,1
kftaf,1
kg,1
kgwcxtxrf,1
kh,1
kharadar,1
kharkiv,1
kharkov,1
khilaf,1
khusu,1
khy,1
kidn,1
kiew,1
kil,1
kinerja,1
kirkotadoy,1
kirstenscott,1
kissimm,1
kita,1
kjdojl,1
kjenhnld,1
kk,1
kkuafigey,1
klayman,1
klein,1
klmlywa,1
klo,1
kmc,1
kncvetko,1
knex,1
knldwia,1
ko,1
koat,1
koch,1
kok,1
kokoh,1
koma,1
kompany,1
konflik,1
konflikt,1
koniec,1
konoplyanka,1
korean,1
kptkhel,1
kq,1
kqedwv,1
kr,1
kramatorsk,1
kranken,1
krbigxagoh,1
kreml,1
kremlsprech,1
krim,1
kristin,1
kristina,1
krlarrison,1
krno,1
krny,1
ksfx,1
ksm,1
kt,1
ktpp,1
ku,1
kuda,1
kumar,1
kun,1
kung,1
kuy,1
kvdeh,1
kyiv,1
kylie_orrenmaa,1
kynro,1
kz,1
kzxddix,1
l_p,1
laatstenieuw,1
ladyvaly,1
lafalacia,1
lagay,1
lage,1
lago,1
lah,1
lahat,1
lakey,1
laku,1
lamp,1
land,1
landmarksatrisk,1
langelly,1
larg,1
largartixa,1
lasal,1
lask,1
lasko,1
lastword,1
late,1
latest,1
latin,1
latinoupd,1
laun,1
lauren,1
law,1
lawmak,1
lawn,1
lax,1
layer,1
lb,1
lbajhdbrpk,1
lbrzbup,1
ldbtp,1
ldenslumb,1
ldon,1
lead,1
leaflet,1
leak,1
learjett,1
least,1
leban,1
lebih,1
lecter,1
lee_hi,1
leer,1
left,1
leg,1
legit,1
lemond,1
lenin,1
lennart,1
leon,1
lepoint,1
lesclesdedemain,1
lesecho,1
lesson,1
leur,1
leva,1
levant,1
level,1
levin,1
lexgxgf,1
lexvalsamaky,1
lexxveraa,1
lfelix,1
lfvznebcc,1
lg,1
lhdlua,1
lhhclcnqrk,1
libertygirlnh,1
librast,1
lick,1
lieb,1
liechaang,1
lifeasbro,1
lifetim,1
likkl,1
lilgagamnstr,1
lime,1
limpiar,1
line,1
lion,1
lip,1
listen,1
liter,1
lixo,1
liya,1
lizszabo,1
lkd,1
lkeamxvf,1
lkygmlttzq,1
llama,1
llegado,1
llevamo,1
lleven,1
lmaoo,1
lmfao,1
lmgfw,1
lmjqv,1
ln,1
lneergaard,1
lnqznpkd,1
lnyhbt,1
load,1
loaiagha,1
local,1
locat,1
logo,1
lohuf,1
lolihound,1
loljk,1
londr,1
longer,1
lonzotoofiness,1
lookin,1
looool,1
loosen,1
loquillo,1
lorc,1
lord,1
lordgoldemort,1
lorenzobern,1
lose,1
loss,1
louisiana,1
louy,1
lower,1
lowkey,1
loyal,1
lpelw,1
lqzvy,1
lsp,1
ltstyga,1
lu,1
luar,1
luc,1
luca,1
luckiest,1
lugar,1
luke,1
lumvy,1
lunar,1
lunch,1
lung,1
lungo,1
lutter,1
luz,1
lvu,1
lxagtez,1
lxy,1
lyadyah,1
lym,1
lypljspcdx,1
lzd,1
lznbgesot,1
ma_vlld,1
maafffy,1
macht,1
maddijanemu,1
madnu,1
madr,1
maestro,1
magostinab,1
mahimarisu,1
mahoneisland,1
maidan,1
mail,1
maintain,1
major,1
makaab,1
makak,1
makanan,1
makassar,1
makinghistory,1
makorinzilla,1
malarab,1
malayong,1
maldad,1
maliky,1
malir,1
mallsmok,1
malo,1
maluco,1
maluoficy,1
mamak,1
mamakmu,1
mammalian,1
manau,1
mandatur,1
mandela,1
mando,1
mane,1
manelel,1
mano,1
mar,1
mara_cerro,1
march,1
mardishio,1
margaretcl,1
mariana,1
marido,1
mariejff,1
marimorena,1
marisascruz,1
marssuperman,1
martinategazzy,1
masalah,1
mascota,1
masih,1
mask,1
mass,1
massv,1
masuk,1
mate,1
mateu,1
matin,1
matteorenzinew,1
matter,1
mau,1
maupun,1
mayb,1
maybe,1
mayor,1
mayoria,1
mb,1
mba,1
mbb,1
mbokply,1
mbxsu,1
mccoy,1
mclx,1
mdentandt,1
mdzyc,1
mea,1
meangirl,1
meant,1
meboylovat,1
mechan,1
med,1
medandbug,1
media,1
mediat,1
medicin,1
medida,1
medlemsland,1
medy,1
meganhilty,1
meh,1
melhor,1
melihatmu,1
melua,1
melur,1
mema,1
memiliky,1
memphy,1
menambahkan,1
mencionadm,1
mendapat,1
mendon,1
mengambil,1
mengapa,1
mengumumkan,1
menjady,1
menorca,1
menularkan,1
mereka,1
mess,1
mesutozil,1
met,1
methan,1
mexico,1
mezclemo,1
mf,1
mgz,1
mh,1
mhrcjhstn,1
mhyb,1
miamy,1
mic,1
michaelametro,1
michaelemlong,1
michaelshield,1
midwest,1
midwest_outlaw,1
mientra,1
mierda,1
mig,1
miguelmancera,1
miitchellmd,1
mikakwoon,1
mikirin,1
mikz,1
mil,1
militair,1
militar,1
militia,1
miltary,1
min,1
mina,1
minaandmaya,1
mine,1
ministra,1
minuto,1
mio,1
mir,1
mirror,1
miss,1
missingplan,1
missionary,1
mistak,1
mit,1
mix,1
mizjoshua,1
mjeo,1
mjyxfcm,1
mk,1
mkbuqwv,1
mkjlp,1
mlkconserv,1
mobil,1
mobioinsid,1
mod,1
modul,1
moet,1
moldova,1
molt,1
moment,1
monaga,1
mond,1
monitor,1
monrix,1
monu,1
morniinggg,1
moro_cedric,1
morra,1
mortar,1
most,1
mostrec,1
mosul,1
mot,1
motherfuck,1
moun,1
movingonup,1
movy,1
moy,1
mpv,1
mr_mooki,1
mr_najeeee,1
mrh,1
mrm,1
msaxovy,1
mshhxvqvse,1
msintervent,1
mskat,1
msp,1
mucha,1
mucho,1
muero,1
muerooooo,1
muito,1
mula,1
mull,1
mullah,1
multipl,1
mum,1
munafiqat,1
muncul,1
munifaahaha,1
mupucf,1
murder,1
muy,1
mwm,1
mwnj,1
mxmtmmqqf,1
mxu,1
mxzliodgck,1
mylinda,1
myt,1
myungszel,1
mywa,1
myyyaaa,1
mzoq,1
naaaj,1
nach,1
nadaseptiana,1
nadiaaly,1
nady,1
nagiel,1
nail,1
nakam,1
nake,1
nalang,1
nam,1
nameael,1
namerica,1
nancy,1
nao,1
naomy,1
nap,1
nasdaq,1
nasib,1
nasser,1
nat_ragu,1
natal,1
natashawima,1
nathanwint,1
nationalteam,1
natosourc,1
navidad,1
navig,1
nazaaalmaraz,1
nazy,1
nb,1
nbluyedoq,1
nbtfdxluyk,1
ncel,1
nciwabpahc,1
ncowh,1
ncsen,1
ndem,1
ndl,1
ndm,1
nealdenton,1
nearl,1
neatpotato,1
neck,1
needn,1
neg,1
negat,1
negoty,1
neill,1
neishlayomary,1
nel,1
nem,1
nempina,1
nengdirt,1
nerd,1
nessa,1
netanyahu,1
nevada,1
neverthatkid,1
newhorizon,1
newsbureaunerd,1
newslock,1
newsukrain,1
newsweek,1
newt,1
newyork,1
next,1
nextgen,1
nff,1
nfl,1
nfloracraft,1
nfolhnjvkg,1
nforget,1
nfwqwadgq,1
ngajak,1
ngebet,1
ngebut,1
ngintip,1
ngomongnya,1
niallofficy,1
nich,1
nicht,1
nick,1
nieuw,1
niezalezna,1
nif,1
nigel_farag,1
nigerian,1
nigerianweirdo,1
nih,1
nike,1
nikolosgeorgian,1
nilay,1
nim,1
ninditaratna,1
nj,1
njgiotq,1
nk,1
nky,1
nlrtp,1
nlvfjdpjpu,1
nmya,1
nn,1
nnnnnnie,1
nnyr,1
nobesta,1
nobody,1
noir,1
nomnom,1
non,1
nonsens,1
nor,1
nord,1
normany,1
nort,1
nose,1
note,1
notic,1
nouvel,1
novarty,1
novemb,1
npbk,1
npjumr,1
nplea,1
nr,1
nra,1
nregular,1
nrmb,1
nsfhctwr,1
nslpz,1
nsobe,1
nsx,1
ntah,1
ntak,1
ntexa,1
ntsr,1
ntw,1
nuclear,1
nude,1
nuestro,1
nueva,1
nunggu,1
nurs,1
nuthin,1
nvq,1
nwclke,1
nwt,1
nwu,1
nxsnl,1
nya,1
nyc,1
nyq,1
oa,1
oad,1
oath,1
obat,1
obess,1
obola,1
obsessionsny,1
occupycorruptdc,1
ocean,1
october,1
ocurren,1
ocy,1
odosclnvuh,1
odwohlyr,1
oealk,1
offensiv,1
offere,1
offic,1
oficy,1
ofzd,1
ogpst,1
ohbsqf,1
ohh,1
ohp,1
oiiqswxopc,1
oisougiraefix,1
oiysfhdq,1
oizuchyqb,1
ojala,1
ojwomgq,1
ok,1
okzfy,1
olczt,1
oldconny,1
oliver,1
olofofounit,1
omahadrew,1
ombqbryu,1
omgitsalia,1
ompmsy,1
omwj,1
onc,1
onettdaigurren,1
onjfnkuyjk,1
onlin,1
oo,1
oooohhhhhh,1
op,1
openfolow,1
operat,1
opo,1
option,1
opu,1
oqhwq,1
oreillyfactor,1
orem,1
origin,1
orinoco,1
orpuw,1
orthodox,1
orto,1
osint,1
osiry,1
ost,1
ostro_v,1
ot,1
oubliez,1
ouest,1
outonthepatio,1
output,1
outro,1
ouvy,1
overfund,1
ow,1
own,1
owy,1
oy,1
oznno,1
ozxnf,1
pace,1
pack,1
packerreport,1
paget,1
pagkatapo,1
paitent,1
paja,1
pajama,1
pakistany,1
palestinian,1
palin,1
palurdo,1
pamela,1
pananamit,1
panda,1
pandem,1
pandora,1
paniqu,1
panther,1
paper,1
par,1
para_sojin,1
parady,1
param,1
paramithawirya,1
paran,1
pare,1
parida,1
parigy,1
parkin,1
parlement,1
parlia,1
parliamentary,1
part,1
pasa,1
passer,1
passport,1
past,1
pastor,1
pastormalafaia,1
patent,1
patetico,1
pathogen,1
patienten,1
patio,1
patriarch,1
patrick,1
patsajak,1
paula_cgomes,1
paura,1
pazy,1
pb,1
pdt,1
pea,1
pediu,1
pedrogomez,1
peekasso,1
pegu,1
peka,1
pekak,1
peliputan,1
pembatasan,1
pen,1
pengobatan,1
penjuru,1
pensa,1
peny,1
pequ,1
percent,1
perdagangan,1
perfect,1
perfectly,1
pergunt,1
perguntando,1
periodicozocalo,1
permanec,1
permet,1
permit,1
pernah,1
perro,1
persist,1
persona,1
personnel,1
perusahaan,1
pervert,1
pesp,1
peter,1
petrodollar,1
peut,1
pf,1
pfft,1
pftpmusic,1
ph,1
phantom,1
photodroid,1
photoshop,1
phyno,1
phynofino,1
pic,1
picu,1
piec,1
pier,1
pilieraban,1
pill,1
pinapalaba,1
pingin,1
pinish,1
pink,1
pinkrosemalik,1
pinterest,1
pinvn,1
pioola,1
pipe,1
pipelin,1
pist,1
pizca,1
pizza,1
pje,1
pjgkklaf,1
pjnet,1
pjr,1
pjvfrzeqpn,1
pkmshowdown_txt,1
place,1
planet,1
planetwisp,1
plantain,1
plantita,1
plastic,1
platter,1
player,1
plb,1
pleas,1
pledg,1
plllr,1
plot,1
plu,1
plupart,1
pm,1
pmq,1
pmyze,1
pn,1
pngnd,1
pocary,1
pode,1
poderoso,1
podr,1
podria,1
point,1
pokemon,1
poland,1
policy,1
politician,1
politicy,1
polla,1
poloboy,1
pon,1
pone,1
ponto,1
pontoy,1
poor,1
pope,1
poppykampany,1
poqu,1
porcupin,1
porfavor,1
porno,1
portabl,1
posibl,1
positionhigh,1
postseason,1
postura,1
potu,1
powndqyy,1
pp,1
pr,1
pra,1
practic,1
practican,1
prayforgaza,1
prayforiraq,1
pre,1
precaut,1
precio,1
precisa,1
precupey,1
precursor,1
predict,1
prenez,1
prep,1
prepcupa,1
presby,1
presidenty,1
pressur,1
prestig,1
pretend,1
preto,1
pretty,1
price,1
pride,1
prillyaliefia,1
prima,1
primer,1
primnela,1
princess,1
prize,1
prlm,1
prob,1
probabl,1
profess,1
professor,1
progr,1
projectcensor,1
prokopenko,1
proof,1
propaganda,1
property,1
prosper,1
protestor,1
protetor,1
protocolosebola,1
proud,1
prove,1
provid,1
prueba,1
pskty,1
psn,1
pspvjx,1
psu,1
psychedelicfunk,1
pt,1
publ,1
publicado,1
publy,1
pue,1
pumasok,1
pummgdl,1
punditsguid,1
punya,1
purcha,1
pure,1
purpl,1
purport,1
puta,1
putinrf_eng,1
putiton_lp,1
puto,1
puuj,1
puy,1
puzmjbhkkc,1
pv,1
pwd,1
pwhjwoh,1
px,1
pycon,1
pydgmka,1
pyu,1
pz,1
pzfe,1
qaem,1
qatar,1
qbjj,1
qbv,1
qcgkmmyfly,1
qcjomy,1
qcxeaff,1
qd,1
qdoylh,1
qe,1
qf,1
qir,1
qizdxc,1
qjn,1
qjuhn,1
qkc,1
qkj,1
qnlvt,1
qoft,1
qq,1
qrsyv,1
qru,1
qryq,1
qsbgrfpf,1
qshdoq,1
qszdccc,1
qtiebala,1
qualityskil,1
quedast,1
queendolly,1
queimada,1
quelquefoy,1
quer,1
queue,1
quickly,1
quien,1
quier,1
quiet,1
quinto,1
quit,1
quv,1
quy,1
qvpbej,1
qvqfqlhf,1
qwvgt,1
qxdqalwam,1
qy,1
qyofavr,1
qzyvilc,1
raby,1
rachfmphillip,1
racism,1
racont,1
raderm,1
radic,1
rage,1
rahma,1
rahy,1
ramadan,1
ramiallolah,1
ramibustam,1
ranltcauqr,1
ranokarnohrsmundur,1
rant,1
rare,1
rata,1
rate,1
raven,1
ravenchristiana,1
raz,1
rbimoaiiu,1
rc,1
rdan_sulliv,1
rdatt,1
rea,1
reader,1
real_frp,1
rebuild,1
recal,1
recap,1
recommenc,1
reconqu,1
reconsid,1
reddy,1
redtail_enso,1
ref,1
refiero,1
reflect,1
refu,1
refug,1
reg,1
regar,1
reggaemat,1
regim,1
registrado,1
registro,1
regno,1
regularpanty,1
reirt,1
reject,1
rel,1
relacy,1
relat,1
relaunch,1
relax,1
remot,1
renata,1
renmen,1
renta,1
rep,1
repatriacion,1
repel,1
replouiegohmert,1
reply,1
repr,1
representan,1
request,1
reserv,1
reservoffic,1
respalda,1
respond,1
restart,1
restiv,1
resto,1
retract,1
return,1
retweet,1
revent,1
revista,1
revolutionist,1
rezkyanggadita,1
rfp,1
rfzcf,1
rhmf,1
rhoa,1
ricain,1
rich,1
richardkurniej,1
ricoverata,1
rien,1
rientrato,1
riesgo,1
rigolad,1
rihanna,1
rinat,1
ring,1
rio,1
rippinlip,1
risky,1
rk,1
rkhiwndu,1
rkl,1
rkocinsky,1
rkzjmc,1
rlaac,1
rlly,1
rmbxvdoc,1
roadsid,1
robsilv,1
roller,1
romania,1
rome,1
romoo,1
ron,1
ronald,1
room,1
roost,1
roryhonney,1
rose,1
rosopo,1
roth,1
round,1
roundof,1
rqyzkm,1
rss,1
rste,1
rstm,1
rt_com,1
rtjmjcua,1
ru,1
rugy,1
rumah,1
run,1
runew,1
rusia,1
russel,1
russiainvadedukrain,1
russisch,1
russy,1
rv,1
rvfwjawzd,1
rvnmy,1
rwaoencv,1
ryanbeardsley,1
rybak,1
ryc,1
saat,1
sabado,1
sabelo,1
sabendo,1
saber,1
sabia,1
sabian,1
sabre_scotth,1
sabreakingnew,1
sacado,1
saco,1
sad,1
saddam,1
sadly,1
saf__x,1
safehavennow,1
sajakchalleng,1
salgo,1
salksdf,1
salty,1
salut,1
salvemosaexcalibur,1
sama,1
samp,1
samtom,1
sangr,1
sanidad,1
sanitaria,1
sanktionen,1
sanswich,1
sant,1
santaerock,1
sassy,1
saudad,1
saudia,1
savag,1
saw,1
scal,1
scarboroughabby,1
sce,1
scenario,1
sch,1
schmebola,1
schmidt,1
schutztrupp,1
scissor,1
scoopit,1
scottish,1
screw,1
script,1
scvidf,1
scy,1
sddsssssss,1
sdv,1
sdxvpn,1
seattl,1
sedih,1
seen,1
seff_torr,1
segera,1
segment,1
segurisimo,1
sehr,1
seiz,1
sempr,1
sempro,1
sempsph,1
semuanya,1
sendirinya,1
senhor,1
sentirt,1
sentlets,1
seohrin,1
sept,1
sepy,1
serbia,1
sere,1
sergioelmoderno,1
sergiov,1
seria,1
serio,1
serumit,1
serunisiantury,1
session,1
setembro,1
settl,1
seulement,1
sew,1
sex,1
sexsearch_rp,1
sextmejohnson,1
sfbclassievip,1
sg,1
sghqd,1
sgp,1
sgsd,1
shadow,1
shadymccoy,1
shanihan,1
sharemessiah,1
sharethy,1
shbsef,1
shddiy,1
sheet,1
shelovinmyfro,1
shevchenko,1
shift,1
shiiiiiy,1
shiit,1
shiny,1
shippa,1
shipper,1
shitty,1
shook,1
shoot,1
shootout,1
short,1
shout,1
showerthought,1
shudder,1
shut,1
shy,1
shy_roni,1
siang,1
sicazel,1
side,1
sidshniad,1
sienn,1
sierra,1
sigdb,1
signal,1
sigu,1
siguen,1
sik,1
sikap,1
silenc,1
silver,1
simpl,1
simplement,1
simplestyl,1
simpson,1
sin,1
sinc,1
sino,1
sisy,1
six,1
sj_fishy,1
sjesfmtux,1
sjlicvn,1
sjsnex,1
sju,1
skala,1
skeleton,1
skeptic,1
skewer,1
skier,1
skrg,1
slam,1
slay,1
slchuhvny,1
sleep,1
slice,1
slightly,1
slimany,1
slogan,1
slq,1
smar,1
smart,1
smarttalk,1
smegss,1
smfh,1
snapchat,1
snappen,1
snehaganga,1
snwmm,1
soal,1
sofa,1
soft,1
soil,1
soir,1
solartherm,1
solo,1
solut,1
solv,1
somebody,1
someonedidthisonpurpos,1
somo,1
song,1
sonido,1
soofeeuh,1
sooo,1
sopir,1
sor,1
sorry,1
sortir,1
sospitoso,1
sossextap,1
souleyman,1
sound,1
soup,1
southeast,1
southernjtalley,1
southkorea,1
southsudan,1
sozinha,1
sp,1
spa_reirse,1
spade,1
spagna,1
spam,1
spanishflu,1
spanyol,1
spare,1
spd,1
speakerphon,1
specialist,1
specif,1
specy,1
sperrt,1
spieg,1
spitz,1
split,1
spokesman,1
sport,1
srdmdm,1
ss,1
ssej,1
ssevhckwh,1
ssfootbal,1
ssh,1
sszwuz,1
stadtstreun,1
staff,1
staffer,1
standard,1
starv,1
statedept,1
steal,1
steeler,1
steelern,1
steenfox,1
stef_fafa,1
stefany,1
steinmey,1
stephdrey,1
stephenwalt,1
stevestfl,1
stevieno_wonder,1
steyer,1
stfu,1
stir,1
store,1
storr,1
strain,1
strat,1
strateg,1
stream,1
strength,1
stripe,1
structur,1
student,1
stump,1
stun,1
stupid,1
stupidest,1
stxve,1
sub,1
subsidy,1
substitut,1
suck,1
suckmybottom,1
sucom,1
sudah,1
suger,1
sul,1
sulak,1
sulax,1
summit,1
super,1
supercat,1
supernah,1
supply,1
suprem,1
sure_edit_tweet,1
surgeon,1
surrend,1
surviv,1
survivor,1
survy,1
sustain,1
suu,1
sv,1
swag,1
swamp,1
swap,1
sweden,1
sweet,1
sweetdajavu,1
sweetskeet,1
swift,1
swimmers_say,1
swy,1
syarkany,1
sydniswish,1
syelamaaat,1
symbol,1
symptomsofebola,1
syrien,1
syst,1
syt,1
szch,1
t_merica,1
taal,1
tactical_things,1
tad,1
taewzel,1
tait,1
takaky,1
taken,1
takfiry,1
tal,1
tambah,1
tancr,1
tank,1
tape,1
tarekfatah,1
tau,1
tava,1
tawag,1
tax,1
taylor_lee,1
taylormadegolf,1
tayo,1
tayyyyyy,1
tbh,1
tbolianatz,1
tbt,1
tcefu,1
tcsknbukbn,1
tcu,1
tczfnuub,1
tea,1
teach,1
teahsubjx,1
team_iungalan,1
teamchiano,1
teamfollowback,1
teamloa,1
teamramirez,1
teamserfeliix,1
tech,1
techniqu,1
technology,1
tecxokctl,1
tegak,1
telan,1
telefono,1
televy,1
tema,1
teman,1
temp,1
tempieenny,1
tempo,1
temporary,1
tenan,1
tene,1
tenemo,1
tener,1
tengah,1
tengkyu,1
tenhoq,1
tenia,1
terkait,1
terrify,1
tersedia,1
teru,1
terungkap,1
testaluca,1
teynzel,1
tf,1
tfkoria,1
tfqjv,1
tg,1
tgb,1
tgboppxanz,1
tgypn,1
thankyouseafar,1
the_solarflair,1
theater,1
theatr,1
thebrewhal,1
thecmitch,1
thefunnyvin,1
thehbibbl,1
thehil,1
thema,1
theoklahom,1
theory,1
therapy,1
thereaibanksy,1
thestudyofwar,1
thetconfer,1
thetim,1
thigh,1
third,1
thoma,1
thorium,1
thrashketchum,1
threesom,1
thrill,1
throw,1
thu,1
thur,1
thursday,1
thx,1
tiana,1
ticket,1
tie,1
tiempo,1
tienen,1
tighten,1
tilsagn,1
timesukrain,1
timgreen_tg,1
tin,1
tinha,1
tinwqf,1
tip,1
tipo,1
tireless,1
tit,1
tj,1
tjetrafadliany,1
tjy,1
tlamb,1
tmbah,1
tmmb,1
tnl,1
tny,1
toast,1
toda,1
todayonlin,1
toddwen,1
todosconteresam,1
togbxb,1
tom,1
tom_celt,1
tomando,1
tomar,1
tomara,1
tomasfterrado,1
tomgram,1
tomtom,1
topic,1
toptr,1
toqu,1
torch,1
tore,1
toripack,1
toung,1
tower,1
town,1
tpm,1
tptyt,1
tq,1
tr,1
tra,1
tracey,1
track,1
traducir,1
traffic,1
tragedy,1
traitement,1
traitor,1
transmit,1
transparan,1
transport,1
tratar,1
travy,1
treason,1
treatment,1
tree,1
tremend,1
trevortimm,1
trial,1
trip,1
tripl,1
trist,1
tristansimon,1
trop,1
tropicdaiia,1
troubl,1
trouv,1
troux,1
trqflq,1
truc,1
true,1
trussel,1
trust,1
truth,1
tryrachma,1
tsccrk,1
tsx,1
ttwentyman,1
tua,1
tubrpooy,1
tue,1
tukang,1
tune,1
tungguy,1
tuumapomm,1
tvnl,1
tw,1
tweezer,1
twerkin,1
twist,1
twitchyteam,1
twy,1
tybowt,1
tzwqczahyf,1
uaeworldcupfilm,1
uah,1
uaposit,1
uapycon,1
ub,1
ubr,1
ubuntu,1
ucbgpj,1
ucmmgdnc,1
ucrania,1
ucz,1
udah,1
uew,1
uftxdx,1
ugd,1
ugh,1
ughh,1
uh,1
ujdcv,1
ukrainerussy,1
ukraineunderattack,1
ukrainien,1
ukray,1
ultim,1
ultimatum,1
ultraviolet,1
uma,1
uncensor,1
uncjttcaqy,1
unclear,1
und,1
underestim,1
underfinansieret,1
understand,1
undertak,1
undraft,1
unfollow,1
ungarn,1
unimagin,1
uniteblu,1
uniteright,1
unito,1
unl,1
unrest,1
until,1
untuk,1
uny,1
uonb,1
uoqmqwh,1
uoyxz,1
upon,1
upy,1
ur,1
ureo,1
urf,1
urgenc,1
urktyuzj,1
urwel,1
ury,1
usavsgermany,1
usdid,1
usdyzoqxvy,1
usmnt,1
ussoccer,1
ustl,1
usvsger,1
utbo,1
utopia,1
uwcw,1
uwty,1
uwvsok,1
ux,1
uxkpqo,1
uy,1
uyp,1
vacaogek,1
valcophhay,1
vale,1
valera,1
valu,1
vamou,1
van,1
vargas_dpf,1
vaw,1
vb,1
vbmsfvoac,1
vcjpbeqfy,1
vd,1
vece,1
vem,1
venbent_phosnig,1
venga,1
venir,1
verano,1
verg,1
verkankerd,1
verona,1
verpleegkundig,1
vesigg,1
veswzd,1
veu,1
vf,1
viagem,1
victoria,1
vigil,1
vih,1
vijnwggnbo,1
villag,1
vincentkompany,1
vinciusanzily,1
vine,1
vinnytsia,1
vinodtaparia,1
violenc,1
visera,1
visit_crystalgbedudotcom,1
visitan,1
vital,1
viva_log,1
vivanew,1
viviana,1
vivint,1
vizinho,1
vj,1
vjojm,1
vjqxz,1
vjyjwlczpu,1
vk,1
vkwjlu,1
vladimir,1
vlzztlfm,1
vmqd,1
vmqyvp,1
vnezd,1
voc,1
voicy,1
volto,1
voltou,1
volvemo,1
vomit,1
von,1
vonnimediamogul,1
vosw,1
voto,1
voxdotcom,1
voz_populi,1
vsbzuzes,1
vscocam,1
vscoukrain,1
vscovinnica,1
vtfikqnyrc,1
vtz,1
vuelo,1
vvacu,1
vwq,1
vy,1
vywmqkhkf,1
waar,1
wabah,1
wacky,1
wagner_kc,1
wakeupawesom,1
waktu,1
walah,1
wall,1
wallet,1
walt,1
waprlbik,1
warfar,1
warnt,1
warplan,1
wasit,1
wasserleitung,1
wassup,1
wast,1
wat,1
water,1
wave,1
wax,1
wbmfpcvew,1
wc,1
weav,1
web,1
wed,1
weekend,1
welcom,1
wellounaam,1
weoo,1
werfen,1
wesleysweeney,1
westen,1
westr,1
wf,1
wg,1
wgdx,1
whatshot,1
whether,1
whiteeboy,1
whiteh,1
whitepriv,1
whittakeralic,1
whoa_karensitaa,1
whoever,1
whore,1
whtc,1
whzbysgny,1
wif,1
wildfir,1
william,1
wilson,1
window,1
windy,1
wing,1
winnnnnnnn,1
wipe,1
wire,1
wise,1
wissenwho,1
wit,1
withcoreyaun,1
withdrawn,1
without,1
wjtarp,1
wk,1
wkhe,1
wkhygbnjlc,1
wkwk,1
wkxsvcuo,1
wlmnhcyuf,1
wmsgrwecd,1
wntonight,1
wobbler,1
wolfgang_h,1
woman,1
wont,1
woodruff,1
wor,1
workshop,1
worldnew,1
worst,1
wouldn,1
wound,1
wprwk,1
wqfm,1
wqkpwg,1
wqovik,1
wqytjcbj,1
wrap,1
wreath,1
wrong,1
wrp,1
wtadnvgjnk,1
wvbdpant,1
wvf,1
wvv,1
wwxbrpkb,1
wyrzg,1
xab,1
xaiq,1
xannllso,1
xbella,1
xbfse,1
xbox,1
xcnul,1
xdfenminist,1
xdrkhspd,1
xdsdlqpisk,1
xea,1
xeat,1
xeatr,1
xedtica,1
xfablica,1
xfad,1
xfagio,1
xfcber,1
xfcberraschend,1
xfcenza,1
xfcr,1
xfcrger,1
xfctzen,1
xfdu,1
xfpyehzlcb,1
xg,1
xgprsibn,1
xixy,1
xjejnlj,1
xktqp,1
xlcjwap,1
xlnoriegalx,1
xlxqwigfnt,1
xmdbcd,1
xmo,1
xn,1
xouc,1
xoyefan,1
xp,1
xpy,1
xqqwyok,1
xriyesd,1
xsiygywxc,1
xsox,1
xszdnwxv,1
xuxrgmbrwb,1
xvy,1
xwukmu,1
xx,1
xxdisastr,1
xxfmcwq,1
xy,1
xz,1
xzjzefvria,1
yaampun,1
yabu,1
yahoofin,1
yak,1
yakn,1
yal_tea,1
yan,1
yanagor,1
ybusug,1
ycrnkeakzu,1
ydzm,1
yeah,1
yeahhh,1
yearsofsuakm,1
yeh,1
yelatorr,1
yemen,1
yeol,1
yeqxlzk,1
yeshua,1
yevhen,1
yexva,1
yf,1
yg,1
yh,1
yhdyapbrtw,1
yieof,1
yikkjndg,1
yiyx,1
yjbl,1
yjhdgq,1
yjsngb,1
ykvgcwxu,1
yl,1
ylcpqm,1
ylrsze,1
ylrubjj,1
ylyuntyvjt,1
ymcmb,1
ynakm,1
yniplreky,1
yorker,1
yotuel,1
youknowjo,1
younaldo,1
young,1
youngmanclayton,1
yourself,1
ypd,1
ypg,1
ypghv,1
ypjma,1
yqyf,1
yr,1
yrnyqakocx,1
yrnzimuvzy,1
yu,1
yunknury,1
yupp,1
yurlieth,1
yvesaguilo,1
yvinzqtacf,1
yvrb,1
yw,1
ywkxkmkxv,1
yxpc,1
yxrrgtundh,1
yyy,1
za,1
zahra_alrikabi,1
zap,1
zaqqiayu,1
zarrysheart,1
zayn,1
zaynmalik,1
zbc,1
zdf,1
zdfdatcy,1
zdiaztk,1
zdjq,1
ze,1
zee,1
zenxnbspu,1
zeyxrz,1
zh,1
zhd,1
zhj,1
ziiksrd,1
zimmermannelisa,1
ziqfllwbp,1
zj,1
zk,1
zkzcidd,1
zl,1
zm,1
zmapp,1
znh,1
zoando,1
zoo,1
zooeydeschanel,1
zoomarang,1
zshiwqvesb,1
zsqqieq,1
zswik,1
zt,1
zu,1
zuckerberg,1
zulfikamohd,1
zur,1
zv,1
zw,1
zweiter,1
zwiwjuv,1
zxo,1
zxuvgqhkpo,1
zy,1
zzokd,1
zzom,1
